<?xml version="1.0" encoding="UTF-8"?>
<!DOCTYPE hibernate-configuration PUBLIC
		"-//Hibernate/Hibernate Configuration DTD 3.0//EN"
		"http://hibernate.sourceforge.net/hibernate-configuration-3.0.dtd">
<hibernate-configuration>
    <session-factory>
   <!--    <property name="hibernate.connection.driver_class">com.mysql.jdbc.Driver</property>
    <property name="hibernate.connection.url">jdbc:mysql://localhost:3306/gepeng</property>
    <property name="hibernate.connection.username">root</property>
    <property name="hibernate.connection.password">123456</property>
    <property name="hibernate.dialect">org.hibernate.dialect.MySQLDialect</property>
    <property name="show_sql">true</property> -->
    <mapping class="id.or.linuxjak.domain.User" />
    <mapping class="id.or.linuxjak.domain.UserInfo" />
    </session-factory>
</hibernate-configuration>
